{
  "products": [
    {
      "id": "2",
      "name": "Refrigerator ",
      "description": "Whirlpool",
      "price": "100000",
      "quantity": "30"
    },
    {
      "id": "3",
      "name": "Pen",
      "description": "Stationary",
      "price": 300,
      "quantity": 10
    },
    {
      "id": "5",
      "name": "Laptop",
      "description": "Dell Inspiron",
      "price": "30000",
      "quantity": "10"
    },
    {
      "id": "6",
      "name": "Mobile",
      "description": "Samsung Galaxy",
      "price": "45000",
      "quantity": "5"
    },
    {
      "id": "7",
      "name": "TV",
      "description": "LG",
      "price": "50000",
      "quantity": "5"
    },
    {
      "id": "34",
      "name": "Books",
      "description": "Harry Potter",
      "price": "300",
      "quantity": "2"
    },
    {
      "id": "43",
      "name": "Color Pencils",
      "description": "coloured pencils",
      "price": "60",
      "quantity": "45"
    },
    {
      "id": "625",
      "name": "Samsung Mobile",
      "description": "Mobile",
      "price": "35000",
      "quantity": "1"
    },
    {
      "id": "25",
      "name": "Iphone",
      "description": "Mobile",
      "price": "100000",
      "quantity": "1"
    },
    {
      "id": "111",
      "name": "Product Xyz",
      "description": "Some new product",
      "price": "112020",
      "quantity": "2000"
    },
    {
      "id": "132",
      "name": "asdfg",
      "description": "qwert",
      "price": "1234",
      "quantity": "11"
    },
    {
      "id": "1",
      "name": "Pencil",
      "description": "Pencil",
      "price": "10",
      "quantity": "5"
    },
    {
      "id": "999",
      "name": "Dongle",
      "description": "Airtel",
      "price": "1500",
      "quantity": "12"
    },
    {
      "id": "555",
      "name": "box",
      "description": "pen",
      "price": "70",
      "quantity": "5"
    }
  ]
}